"eventID","parentEventID","eventRemarks","datasetID","samplingProtocol","year","month","day","eventDate","eventTime","startDayOfYear","endDayOfYear","locality","decimalLatitude","decimalLongitude","geodeticDatum","footprintWKT","license"
"capture:DDU2005_emp_a_f_02","","individual_id= DDU2005_emp_a_f_02 |comments= doi: 10.1594/PANGAEA.633712 |data_contact= AWI (Horst Bornemann) |contact_email= Horst.Bornemann@awi.de","10.1594/PANGAEA.633712","capture for bio-logging:device type= PTT:device id= 60037",2005,10,31,"2005-10-31T15:00","15:00","2005-10-31","2005-11-9","Pointe Geologie, Terre Adelie",-66.66667,140.01667,"WGS84","POLYGON ((-66.6680000000000064 139.9960000000000093, -66.7229999999999990 140.1850000000000023, -66.4689999999999941 141.4819999999999993, -66.4819999999999993 141.8139999999999930, -66.4479999999999933 141.9089999999999918, -66.3790000000000049 141.6200000000000045, -66.3949999999999960 141.3549999999999898, -66.5969999999999942 140.7309999999999945, -66.5000000000000000 140.6270000000000095, -66.6080000000000041 140.1519999999999868, -66.6680000000000064 139.9960000000000093))","CC BY 4.0"
"capture:DDU2005_emp_a_m_04","","individual_id= DDU2005_emp_a_m_04 |comments= doi: 10.1594/PANGAEA.633712 |data_contact= AWI (Horst Bornemann) |contact_email= Horst.Bornemann@awi.de","10.1594/PANGAEA.633712","capture for bio-logging:device type= PTT:device id= 60039",2005,11,1,"2005-11-01T3:45","3:45","2005-11-1","2006-1-20","Pointe Geologie, Terre Adelie",-66.66667,140.01667,"WGS84","POLYGON ((-66.6620000000000061 139.7059999999999889, -66.7330000000000041 140.2460000000000093, -66.5439999999999969 140.4089999999999918, -66.7639999999999958 140.9639999999999986, -66.7319999999999993 140.7059999999999889, -66.7399999999999949 140.7110000000000127, -66.6839999999999975 140.8499999999999943, -66.5030000000000001 141.0960000000000036, -66.1520000000000010 141.5560000000000116, -65.9350000000000023 141.9919999999999902, -65.8409999999999940 141.7899999999999920, -65.9399999999999977 141.7630000000000052, -65.9609999999999985 141.4399999999999977, -65.9240000000000066 141.5720000000000027, -65.9309999999999974 141.7450000000000045, -65.9000000000000057 141.6490000000000009, -65.9419999999999931 141.3750000000000000, -65.9509999999999934 141.2510000000000048, -65.9260000000000019 141.3520000000000039, -66.3029999999999973 141.0980000000000132, -66.6629999999999967 139.9780000000000086, -66.5070000000000050 139.9730000000000132, -66.6710000000000065 140.0020000000000095, -66.5619999999999976 139.8990000000000009, -66.0210000000000008 140.3209999999999980, -65.6820000000000022 139.9290000000000020, -65.6779999999999973 140.0169999999999959, -65.6440000000000055 140.2700000000000102, -65.8439999999999941 141.1320000000000050, -65.9270000000000067 141.3439999999999941, -65.9569999999999936 141.4439999999999884, -65.8229999999999933 140.8379999999999939, -65.9279999999999973 140.4039999999999964, -66.6860000000000070 139.8460000000000036, -66.6629999999999967 140.0459999999999923, -66.0109999999999957 140.2400000000000091, -65.7159999999999940 140.0380000000000109, -65.8559999999999945 139.5649999999999977, -65.8960000000000008 139.5089999999999861, -66.2549999999999955 139.3360000000000127, -66.6250000000000000 140.0660000000000025, -66.4240000000000066 140.7110000000000127, -66.6500000000000057 139.9819999999999993, -66.0460000000000065 140.3199999999999932, -65.8169999999999931 139.5850000000000080, -65.9129999999999967 139.7350000000000136, -66.6719999999999970 139.9960000000000093, -66.6680000000000064 140.0180000000000007, -66.3239999999999981 138.1529999999999916, -66.1149999999999949 138.0039999999999907, -65.8209999999999980 137.9579999999999984, -65.5199999999999960 138.1390000000000100, -65.3629999999999995 137.9859999999999900, -65.1059999999999945 137.7500000000000000, -65.2300000000000040 137.5759999999999934, -65.4599999999999937 137.6910000000000025, -65.4819999999999993 137.5440000000000111, -65.3670000000000044 137.2309999999999945, -65.3659999999999997 136.8580000000000041, -65.1280000000000001 136.7160000000000082, -64.9650000000000034 136.3460000000000036, -64.9260000000000019 136.1469999999999914, -64.8679999999999950 136.1699999999999875, -64.8289999999999935 136.1320000000000050, -64.7150000000000034 135.8779999999999859, -64.2309999999999945 135.7570000000000050, -63.4209999999999994 136.4190000000000111, -63.1649999999999991 136.4879999999999995, -63.5549999999999997 135.6949999999999932, -63.6769999999999996 135.8180000000000121, -64.4120000000000061 135.9480000000000075, -64.7129999999999939 135.3779999999999859, -65.1039999999999992 134.9859999999999900, -65.1509999999999962 134.8060000000000116, -65.1640000000000015 134.7769999999999868, -65.2339999999999947 134.4780000000000086, -65.1830000000000069 134.4070000000000107, -65.2650000000000006 134.6500000000000057, -65.5699999999999932 134.9720000000000084, -65.6979999999999933 135.1109999999999900, -66.6620000000000061 139.7059999999999889))","CC BY 4.0"
"capture:DDU2005_emp_a_x_03","","individual_id= DDU2005_emp_a_x_03 |comments= doi: 10.1594/PANGAEA.633712 |data_contact= AWI (Horst Bornemann) |contact_email= Horst.Bornemann@awi.de","10.1594/PANGAEA.633712","capture for bio-logging:device type= PTT:device id= 60038",2005,11,1,"2005-11-01T2:30","2:30","2005-11-1","2005-12-30","Pointe Geologie, Terre Adelie",-66.66667,140.01667,"WGS84","POLYGON ((-66.6680000000000064 140.0010000000000048, -66.3329999999999984 156.7700000000000102, -66.0729999999999933 156.7489999999999952, -65.9090000000000060 156.4759999999999991, -65.5720000000000027 156.2800000000000011, -65.1640000000000015 155.8930000000000007, -64.4759999999999991 155.5500000000000114, -63.5910000000000011 154.2589999999999861, -63.0189999999999984 152.7390000000000043, -62.4889999999999972 151.6289999999999907, -61.8969999999999985 149.2659999999999911, -61.4059999999999988 146.6699999999999875, -61.0409999999999968 145.1860000000000070, -60.9329999999999998 143.3429999999999893, -60.8440000000000012 142.0920000000000130, -60.6409999999999982 140.8340000000000032, -60.7229999999999990 140.4979999999999905, -60.8689999999999998 140.3789999999999907, -61.2770000000000010 140.8810000000000002, -61.8179999999999978 140.6409999999999911, -62.6950000000000003 140.7640000000000100, -63.7939999999999969 140.5260000000000105, -63.8019999999999996 140.3259999999999934, -63.8609999999999971 140.0519999999999925, -64.2669999999999959 140.5819999999999936, -64.7429999999999950 140.9989999999999952, -65.3840000000000003 140.6220000000000141, -65.9530000000000030 139.6719999999999970, -66.5720000000000027 140.0130000000000052, -66.5879999999999939 139.9900000000000091, -66.1449999999999960 139.9089999999999918, -65.9590000000000032 139.3919999999999959, -65.9339999999999975 139.5910000000000082, -65.8389999999999986 140.0099999999999909, -65.8649999999999949 139.5459999999999923, -66.2009999999999934 140.8050000000000068, -65.7939999999999969 139.6119999999999948, -65.9050000000000011 139.6639999999999873, -66.0759999999999934 140.4130000000000109, -66.4219999999999970 139.8959999999999866, -66.4789999999999992 140.1299999999999955, -66.0420000000000016 139.9000000000000057, -66.0540000000000020 139.7640000000000100, -66.0100000000000051 139.5680000000000121, -66.0550000000000068 139.7940000000000111, -66.2099999999999937 140.1719999999999970, -66.3130000000000024 140.3619999999999948, -66.6290000000000049 140.0279999999999916, -66.6629999999999967 139.9670000000000130, -66.3479999999999990 140.4159999999999968, -66.2480000000000047 140.2249999999999943, -66.2909999999999968 140.1649999999999920, -66.2019999999999982 139.9890000000000043, -66.2900000000000063 139.1990000000000123, -66.3610000000000042 139.4730000000000132, -66.5430000000000064 139.9019999999999868, -66.6029999999999944 139.9480000000000075, -66.6680000000000064 140.0010000000000048))","CC BY 4.0"
"capture:DDU2005_emp_a_x_05","","individual_id= DDU2005_emp_a_x_05 |comments= doi: 10.1594/PANGAEA.633712 |data_contact= AWI (Horst Bornemann) |contact_email= Horst.Bornemann@awi.de","10.1594/PANGAEA.633712","capture for bio-logging:device type= PTT:device id= 60046",2005,11,1,"2005-11-01T5:00","5:00","2005-11-1","2005-11-10","Pointe Geologie, Terre Adelie",-66.66667,140.01667,"WGS84","POLYGON ((-66.6680000000000064 140.0020000000000095, -66.6599999999999966 140.0469999999999970, -66.4899999999999949 140.2560000000000002, -66.1659999999999968 140.3830000000000098, -65.9639999999999986 139.8729999999999905, -66.0079999999999956 140.0329999999999870, -66.0229999999999961 140.1459999999999866, -66.0130000000000052 140.1630000000000109, -66.0079999999999956 140.2189999999999941, -66.5360000000000014 139.9240000000000066, -66.6680000000000064 140.0020000000000095))","CC BY 4.0"
"capture:DDU2005_emp_a_f_07","","individual_id= DDU2005_emp_a_f_07 |comments= doi: 10.1594/PANGAEA.633712 |data_contact= AWI (Horst Bornemann) |contact_email= Horst.Bornemann@awi.de","10.1594/PANGAEA.633712","capture for bio-logging:device type= PTT:device id= 60041",2005,11,2,"2005-11-02T3:45","3:45","2005-11-2","2006-1-14","Pointe Geologie, Terre Adelie",-66.66667,140.01667,"WGS84","POLYGON ((-66.6680000000000064 140.0000000000000000, -66.5709999999999980 140.2709999999999866, -66.6659999999999968 141.3750000000000000, -66.5559999999999974 140.9019999999999868, -66.6989999999999981 141.0720000000000027, -66.5570000000000022 141.1740000000000066, -66.3439999999999941 141.3449999999999989, -66.2500000000000000 141.4339999999999975, -66.3139999999999930 141.4840000000000089, -66.3449999999999989 141.2940000000000111, -66.4689999999999941 141.1819999999999879, -66.6770000000000067 141.1980000000000075, -66.6830000000000069 141.0480000000000018, -66.6509999999999962 140.0320000000000107, -66.6500000000000057 140.0010000000000048, -66.6470000000000056 140.0490000000000066, -66.4929999999999950 140.4840000000000089, -66.6230000000000047 140.6750000000000114, -66.3409999999999940 140.3940000000000055, -66.1479999999999961 139.9389999999999930, -66.0270000000000010 140.7359999999999900, -66.2099999999999937 140.7740000000000009, -65.9080000000000013 141.2539999999999907, -65.4659999999999940 141.1730000000000018, -65.0819999999999936 140.8240000000000123, -64.7159999999999940 141.0999999999999943, -64.3179999999999978 140.9389999999999930, -64.0199999999999960 141.7510000000000048, -63.9990000000000023 142.0409999999999968, -63.7809999999999988 142.2270000000000039, -63.1259999999999977 143.3420000000000130, -62.5439999999999969 143.4639999999999986, -61.8130000000000024 143.0629999999999882, -61.8639999999999972 142.3590000000000089, -62.1730000000000018 142.1279999999999859, -63.0619999999999976 141.6529999999999916, -63.7539999999999978 141.9679999999999893, -64.6470000000000056 142.2589999999999861, -65.8310000000000031 141.6479999999999961, -66.1380000000000052 138.9339999999999975, -66.0109999999999957 138.3799999999999955, -65.7519999999999953 138.3950000000000102, -65.3610000000000042 138.0049999999999955, -64.8589999999999947 137.4739999999999895, -64.5430000000000064 137.2560000000000002, -63.8320000000000007 137.9360000000000070, -63.5099999999999980 137.8760000000000048, -62.9639999999999986 137.4410000000000025, -63.6510000000000034 137.4890000000000043, -63.6120000000000019 137.6949999999999932, -63.7629999999999981 138.4799999999999898, -63.6850000000000023 138.7769999999999868, -64.6910000000000025 137.7560000000000002, -65.2159999999999940 138.0229999999999961, -65.4539999999999935 136.8870000000000005, -66.0010000000000048 136.0370000000000061, -65.5699999999999932 136.7199999999999989, -65.5370000000000061 136.7059999999999889, -65.5430000000000064 136.9819999999999993, -65.6159999999999997 136.8629999999999995, -65.6239999999999952 136.5020000000000095, -65.9180000000000064 136.3669999999999902, -65.9650000000000034 136.1899999999999977, -65.9569999999999936 136.1040000000000134, -65.9449999999999932 136.0149999999999864, -66.6680000000000064 140.0000000000000000))","CC BY 4.0"
"capture:DDU2005_emp_a_x_06","","individual_id= DDU2005_emp_a_x_06 |comments= doi: 10.1594/PANGAEA.633712 |data_contact= AWI (Horst Bornemann) |contact_email= Horst.Bornemann@awi.de","10.1594/PANGAEA.633712","capture for bio-logging:device type= PTT:device id= 60040",2005,11,2,"2005-11-02T2:00","2:00","2005-11-2","2006-1-11","Pointe Geologie, Terre Adelie",-66.66667,140.01667,"WGS84","POLYGON ((-66.6659999999999968 140.0579999999999927, -66.7630000000000052 152.2139999999999986, -66.4719999999999942 151.4060000000000059, -66.1740000000000066 151.1719999999999970, -65.8310000000000031 149.8499999999999943, -66.3679999999999950 148.7139999999999986, -66.1239999999999952 148.2529999999999859, -65.9050000000000011 147.1239999999999952, -66.1880000000000024 145.8460000000000036, -66.4719999999999942 145.4190000000000111, -66.5370000000000061 145.2129999999999939, -66.5250000000000057 145.1229999999999905, -66.4869999999999948 145.4180000000000064, -66.5729999999999933 145.6839999999999975, -66.5969999999999942 145.8309999999999889, -66.6370000000000005 146.1119999999999948, -66.6340000000000003 146.2560000000000002, -66.6380000000000052 146.1990000000000123, -66.6329999999999956 146.4730000000000132, -66.7339999999999947 146.5099999999999909, -66.6730000000000018 146.3660000000000139, -66.6320000000000050 146.6870000000000118, -66.6080000000000041 146.3410000000000082, -66.4980000000000047 144.8069999999999879, -66.4159999999999968 143.9499999999999886, -66.2870000000000061 143.5989999999999895, -66.2189999999999941 143.1899999999999977, -66.0550000000000068 142.8129999999999882, -65.3149999999999977 142.6810000000000116, -64.3209999999999980 143.3180000000000121, -64.1620000000000061 143.2199999999999989, -64.0310000000000059 143.0190000000000055, -63.8569999999999993 143.0660000000000025, -62.7550000000000026 144.4269999999999925, -63.0559999999999974 145.7090000000000032, -64.0520000000000067 146.1970000000000027, -64.3139999999999930 146.8120000000000118, -64.2210000000000036 147.1740000000000066, -64.2710000000000008 147.4939999999999998, -64.2120000000000033 147.0829999999999984, -64.3649999999999949 146.9379999999999882, -64.6230000000000047 146.3969999999999914, -64.4530000000000030 146.1299999999999955, -64.6020000000000039 145.5749999999999886, -64.6760000000000019 145.6359999999999957, -64.4909999999999997 145.3810000000000002, -64.1189999999999998 145.4339999999999975, -63.8879999999999981 145.1850000000000023, -63.8459999999999965 144.7090000000000032, -63.9609999999999985 143.9910000000000139, -64.1410000000000053 143.4910000000000139, -64.0280000000000058 143.1339999999999861, -64.2459999999999951 141.6049999999999898, -64.3739999999999952 140.9240000000000066, -64.5280000000000058 140.5060000000000002, -64.7860000000000014 140.1699999999999875, -64.9300000000000068 140.2019999999999982, -65.1269999999999953 139.9830000000000041, -65.2439999999999998 140.0939999999999941, -65.2620000000000005 140.2119999999999891, -65.4639999999999986 140.1740000000000066, -65.5430000000000064 140.0449999999999875, -65.7330000000000041 139.8199999999999932, -65.9659999999999940 140.0699999999999932, -66.0160000000000053 140.1930000000000121, -66.1640000000000015 140.0149999999999864, -66.3040000000000020 139.9799999999999898, -66.5589999999999975 140.0000000000000000, -66.5570000000000022 140.0000000000000000, -66.5829999999999984 140.0430000000000064, -66.6659999999999968 140.0579999999999927))","CC BY 4.0"
"capture:DDU2005_emp_a_x_08","","individual_id= DDU2005_emp_a_x_08 |comments= doi: 10.1594/PANGAEA.633712 |data_contact= AWI (Horst Bornemann) |contact_email= Horst.Bornemann@awi.de","10.1594/PANGAEA.633712","capture for bio-logging:device type= PTT:device id= 60047",2005,11,2,"2005-11-02T4:45","4:45","2005-11-2","2005-11-10","Pointe Geologie, Terre Adelie",-66.66667,140.01667,"WGS84","POLYGON ((-66.6700000000000017 140.0049999999999955, -66.6580000000000013 139.9970000000000141, -66.6119999999999948 141.0620000000000118, -66.7099999999999937 141.2019999999999982, -66.6970000000000027 141.3849999999999909, -66.4489999999999981 142.2129999999999939, -66.4749999999999943 141.1730000000000018, -66.3820000000000050 141.0740000000000123, -66.5150000000000006 140.3319999999999936, -66.6700000000000017 140.0049999999999955))","CC BY 4.0"
"capture:DDU2005_emp_a_m_10","","individual_id= DDU2005_emp_a_m_10 |comments= doi: 10.1594/PANGAEA.633712 |data_contact= AWI (Horst Bornemann) |contact_email= Horst.Bornemann@awi.de","10.1594/PANGAEA.633712","capture for bio-logging:device type= PTT:device id= 60048",2005,11,4,"2005-11-04T4:45","4:45","2005-11-4","2005-11-16","Pointe Geologie, Terre Adelie",-66.66667,140.01667,"WGS84","POLYGON ((-66.6680000000000064 139.9919999999999902, -66.5199999999999960 139.8280000000000030, -66.6770000000000067 140.1490000000000009, -66.7240000000000038 141.1409999999999911, -66.5690000000000026 142.4629999999999939, -66.0660000000000025 142.5260000000000105, -65.8949999999999960 142.3280000000000030, -65.7879999999999967 142.3619999999999948, -65.9740000000000038 142.4149999999999920, -66.1290000000000049 142.2189999999999941, -66.5360000000000014 142.0560000000000116, -66.8229999999999933 142.1160000000000139, -66.6599999999999966 140.1150000000000091, -66.6680000000000064 139.9919999999999902))","CC BY 4.0"
"capture:DDU2005_emp_a_m_13","","individual_id= DDU2005_emp_a_m_13 |analysis remark= not used in analyses |comments= doi: 10.1594/PANGAEA.633712 |data_contact= AWI (Horst Bornemann) |contact_email= Horst.Bornemann@awi.de","10.1594/PANGAEA.633712","capture for bio-logging:device type= PTT:device id= 60042",2005,11,5,"2005-11-05T5:15","5:15","2005-11-5","2005-11-21","Pointe Geologie, Terre Adelie",-66.66667,140.01667,"WGS84","POLYGON ((-66.6850000000000023 139.9850000000000136, -66.3539999999999992 140.4499999999999886, -66.2950000000000017 140.5190000000000055, -66.2570000000000050 140.5099999999999909, -66.6310000000000002 139.9939999999999998, -66.3029999999999973 140.4799999999999898, -66.2780000000000058 140.5120000000000005, -66.6359999999999957 140.0279999999999916, -66.2429999999999950 140.4269999999999925, -66.2620000000000005 140.3379999999999939, -66.5540000000000020 140.1330000000000098, -66.2960000000000065 140.4869999999999948, -66.2680000000000007 140.3590000000000089, -66.3490000000000038 140.3040000000000020, -66.5990000000000038 139.9859999999999900, -66.3589999999999947 140.7560000000000002, -66.2840000000000060 140.3580000000000041, -66.6850000000000023 139.9850000000000136))","CC BY 4.0"
"capture:DDU2005_emp_a_m_14","","individual_id= DDU2005_emp_a_m_14 |comments= doi: 10.1594/PANGAEA.633712 |data_contact= AWI (Horst Bornemann) |contact_email= Horst.Bornemann@awi.de","10.1594/PANGAEA.633712","capture for bio-logging:device type= PTT:device id= 60043",2005,11,5,"2005-11-05T5:35","5:35","2005-11-5","2005-12-21","Pointe Geologie, Terre Adelie",-66.66667,140.01667,"WGS84","POLYGON ((-66.6400000000000006 140.0049999999999955, -66.6050000000000040 139.8660000000000139, -66.5550000000000068 139.7789999999999964, -66.1869999999999976 140.2079999999999984, -65.9749999999999943 140.0099999999999909, -65.6359999999999957 139.5840000000000032, -65.5190000000000055 139.7779999999999916, -65.5070000000000050 139.6550000000000011, -65.4800000000000040 139.6990000000000123, -65.4569999999999936 139.6990000000000123, -65.4539999999999935 139.7889999999999873, -65.4749999999999943 139.7539999999999907, -65.5750000000000028 140.5089999999999861, -65.4150000000000063 140.0560000000000116, -65.2369999999999948 140.5449999999999875, -65.2699999999999960 140.9939999999999998, -65.6129999999999995 140.9089999999999918, -65.5469999999999970 140.5420000000000016, -65.6029999999999944 140.7779999999999916, -65.5829999999999984 140.2330000000000041, -65.5300000000000011 139.8520000000000039, -65.5750000000000028 139.9430000000000121, -65.5120000000000005 139.5300000000000011, -65.4110000000000014 139.2899999999999920, -64.7729999999999961 139.3940000000000055, -64.5939999999999941 139.8269999999999982, -64.1080000000000041 140.4550000000000125, -64.0360000000000014 140.8329999999999984, -63.7700000000000031 141.0240000000000009, -63.6390000000000029 141.4559999999999889, -63.3479999999999990 140.9499999999999886, -63.6390000000000029 140.5409999999999968, -63.8650000000000020 140.5980000000000132, -63.9380000000000024 141.3499999999999943, -63.7500000000000000 140.3650000000000091, -63.7370000000000019 138.8720000000000141, -64.3449999999999989 138.0560000000000116, -64.8520000000000039 137.6380000000000052, -65.3040000000000020 137.0809999999999889, -65.4839999999999947 137.0850000000000080, -65.5139999999999958 136.7860000000000014, -65.6029999999999944 137.0840000000000032, -65.4659999999999940 136.5749999999999886, -65.6640000000000015 136.8950000000000102, -65.6479999999999961 136.8720000000000141, -65.7720000000000056 136.8360000000000127, -65.7999999999999972 136.9259999999999877, -66.6400000000000006 140.0049999999999955))","CC BY 4.0"
"capture:DDU2005_emp_a_m_15","","individual_id= DDU2005_emp_a_m_15 |comments= doi: 10.1594/PANGAEA.633712 |data_contact= AWI (Horst Bornemann) |contact_email= Horst.Bornemann@awi.de","10.1594/PANGAEA.633712","capture for bio-logging:device type= PTT:device id= 60044",2005,11,6,"2005-11-06T2:05","2:05","2005-11-6","2005-12-25","Pointe Geologie, Terre Adelie",-66.66667,140.01667,"WGS84","POLYGON ((-66.6659999999999968 139.9989999999999952, -66.9659999999999940 153.8489999999999895, -66.6719999999999970 153.7889999999999873, -66.2219999999999942 153.9869999999999948, -65.9759999999999991 154.0020000000000095, -65.9080000000000013 154.1759999999999877, -65.7590000000000003 154.2810000000000059, -65.7429999999999950 154.3449999999999989, -65.6239999999999952 154.5360000000000014, -65.8449999999999989 154.3120000000000118, -65.9509999999999934 153.7959999999999923, -65.8990000000000009 153.2589999999999861, -65.9899999999999949 152.7990000000000066, -65.8910000000000053 153.3040000000000020, -65.6809999999999974 153.2589999999999861, -65.5330000000000013 153.6560000000000059, -65.2660000000000053 153.5480000000000018, -64.3730000000000047 154.2330000000000041, -62.8669999999999973 154.6129999999999995, -61.8950000000000031 154.8890000000000100, -61.4960000000000022 154.5260000000000105, -61.0799999999999983 153.9619999999999891, -61.3569999999999993 154.0070000000000050, -61.7899999999999991 154.0680000000000121, -62.0700000000000003 154.1870000000000118, -63.1550000000000011 153.8810000000000002, -64.2270000000000039 153.7589999999999861, -64.7759999999999962 152.3689999999999998, -64.4470000000000027 150.1320000000000050, -64.0030000000000001 149.3449999999999989, -63.9239999999999995 148.9859999999999900, -63.8950000000000031 148.2439999999999998, -63.5640000000000001 147.0759999999999934, -63.4170000000000016 146.7230000000000132, -63.2560000000000002 146.0399999999999920, -63.5640000000000001 145.2909999999999968, -64.0799999999999983 144.6250000000000000, -64.3340000000000032 144.3979999999999961, -64.3559999999999945 143.9180000000000064, -64.4159999999999968 143.4559999999999889, -64.6179999999999950 142.7889999999999873, -64.9779999999999944 142.6879999999999882, -65.3040000000000020 142.4259999999999877, -65.5250000000000057 142.4559999999999889, -66.0729999999999933 142.5480000000000018, -66.4470000000000027 141.8079999999999927, -66.3960000000000008 141.2410000000000139, -66.4069999999999965 140.3100000000000023, -66.4779999999999944 139.9579999999999984, -66.6659999999999968 139.9989999999999952))","CC BY 4.0"
"capture:DDU2005_emp_a_x_16","","individual_id= DDU2005_emp_a_x_16 |comments= doi: 10.1594/PANGAEA.633712 |data_contact= AWI (Horst Bornemann) |contact_email= Horst.Bornemann@awi.de","10.1594/PANGAEA.633712","capture for bio-logging:device type= PTT:device id= 60045",2005,11,6,"2005-11-06T3:50","3:50","2005-11-6","2006-1-9","Pointe Geologie, Terre Adelie",-66.66667,140.01667,"WGS84","POLYGON ((-66.6659999999999968 140.0300000000000011, -65.9050000000000011 132.2309999999999945, -65.6449999999999960 132.1009999999999991, -65.1419999999999959 131.9499999999999886, -64.6929999999999978 132.1080000000000041, -64.4249999999999972 132.3379999999999939, -64.1110000000000042 132.3280000000000030, -64.0789999999999935 132.0250000000000057, -63.5200000000000031 132.4370000000000118, -63.3819999999999979 133.4590000000000032, -64.3629999999999995 133.9699999999999989, -64.6140000000000043 134.9699999999999989, -65.0859999999999985 136.7690000000000055, -65.5300000000000011 138.9569999999999936, -65.8250000000000028 139.4900000000000091, -66.0799999999999983 139.2990000000000066, -66.0310000000000059 139.5480000000000018, -66.4770000000000039 140.7889999999999873, -66.2120000000000033 143.3609999999999900, -66.4380000000000024 144.0749999999999886, -66.4579999999999984 144.2589999999999861, -66.4830000000000041 144.8990000000000009, -66.5270000000000010 144.8899999999999864, -66.5720000000000027 145.5370000000000061, -66.5859999999999985 144.9209999999999923, -66.4230000000000018 144.5300000000000011, -66.3209999999999980 144.7270000000000039, -66.4039999999999964 145.2220000000000084, -66.3730000000000047 145.0989999999999895, -66.1470000000000056 145.4579999999999984, -65.9609999999999985 146.5190000000000055, -65.7360000000000042 147.3770000000000095, -65.2039999999999935 148.2460000000000093, -65.1440000000000055 148.6639999999999873, -65.0199999999999960 149.6129999999999995, -64.8599999999999994 150.0629999999999882, -64.5999999999999943 150.5740000000000123, -63.7899999999999991 149.2470000000000141, -63.3560000000000016 147.6479999999999961, -63.7109999999999985 146.8290000000000077, -64.3389999999999986 146.3199999999999932, -64.6329999999999956 145.5070000000000050, -64.8499999999999943 145.6020000000000039, -64.6749999999999972 145.4660000000000082, -64.4569999999999936 145.3139999999999930, -64.5250000000000057 144.5660000000000025, -64.5450000000000017 144.2220000000000084, -64.4479999999999933 144.0080000000000098, -64.4819999999999993 143.0670000000000073, -64.4650000000000034 143.1179999999999950, -64.5570000000000022 143.0449999999999875, -64.7279999999999944 142.8029999999999973, -64.8599999999999994 142.8509999999999991, -65.0049999999999955 142.7990000000000066, -65.1940000000000026 142.7460000000000093, -65.4090000000000060 142.3050000000000068, -65.5660000000000025 142.3180000000000121, -65.8670000000000044 141.5900000000000034, -66.0360000000000014 141.8309999999999889, -66.3490000000000038 141.4890000000000043, -66.6509999999999962 140.7570000000000050, -66.5480000000000018 140.1320000000000050, -66.6080000000000041 139.9350000000000023, -66.6009999999999991 139.8700000000000045, -66.6659999999999968 140.0300000000000011))","CC BY 4.0"
"capture:DDU2005_emp_a_f_18a","","individual_id= DDU2005_emp_a_f_18a |analysis remark= not used in analyses |comments= doi: 10.1594/PANGAEA.633712 |data_contact= AWI (Horst Bornemann) |contact_email= Horst.Bornemann@awi.de","10.1594/PANGAEA.633712","capture for bio-logging:device type= PTT:device id= 60047",2005,11,13,"2005-11-13T5:25","5:25","2005-11-13","2005-11-22","Pointe Geologie, Terre Adelie",-66.66667,140.01667,"WGS84","POLYGON ((-66.6700000000000017 139.9900000000000091, -66.6239999999999952 140.3340000000000032, -66.5859999999999985 140.9590000000000032, -66.3930000000000007 141.2400000000000091, -66.4099999999999966 141.6959999999999980, -66.3640000000000043 141.7690000000000055, -66.4090000000000060 141.7899999999999920, -66.4120000000000061 141.7729999999999961, -66.5010000000000048 140.5960000000000036, -66.6700000000000017 140.0070000000000050, -66.6700000000000017 139.9900000000000091))","CC BY 4.0"
"capture:DDU2005_emp_a_x_17","","individual_id= DDU2005_emp_a_x_17 |comments= doi: 10.1594/PANGAEA.633712 |data_contact= AWI (Horst Bornemann) |contact_email= Horst.Bornemann@awi.de","10.1594/PANGAEA.633712","capture for bio-logging:device type= PTT:device id= 60046",2005,11,13,"2005-11-13T5:00","5:00","2005-11-13","2005-11-24","Pointe Geologie, Terre Adelie",-66.66667,140.01667,"WGS84","POLYGON ((-66.6620000000000061 139.9279999999999973, -66.5030000000000001 139.3019999999999925, -66.6779999999999973 140.0310000000000059, -66.3059999999999974 140.6380000000000052, -66.1209999999999951 141.4739999999999895, -65.8559999999999945 142.1730000000000018, -65.4389999999999930 141.7179999999999893, -65.3139999999999930 140.9360000000000070, -65.5520000000000067 140.0759999999999934, -65.6590000000000060 140.0049999999999955, -65.9830000000000041 140.0800000000000125, -66.3110000000000070 140.1659999999999968, -66.6620000000000061 139.9279999999999973))","CC BY 4.0"
"capture:DDU2005_emp_a_f_18b","","individual_id= DDU2005_emp_a_f_18b |comments= doi: 10.1594/PANGAEA.633712 |data_contact= AWI (Horst Bornemann) |contact_email= Horst.Bornemann@awi.de","10.1594/PANGAEA.633712","capture for bio-logging:device type= PTT:device id= 60037",2005,11,22,"2005-11-22T8:37","8:37","2005-11-22","2006-1-15","Pointe Geologie, Terre Adelie",-66.66667,140.01667,"WGS84","POLYGON ((-66.6730000000000018 139.9960000000000093, -66.7180000000000035 140.5130000000000052, -66.6820000000000022 140.0240000000000009, -66.6599999999999966 140.0910000000000082, -66.6380000000000052 139.6899999999999977, -66.0699999999999932 139.7719999999999914, -66.0319999999999965 140.3959999999999866, -65.8110000000000070 140.6810000000000116, -65.7620000000000005 141.2309999999999945, -65.8430000000000035 140.3499999999999943, -65.8329999999999984 141.1160000000000139, -65.7920000000000016 140.4790000000000134, -66.0840000000000032 139.6879999999999882, -66.5729999999999933 139.8990000000000009, -66.6310000000000002 140.0020000000000095, -65.7399999999999949 140.3710000000000093, -65.7039999999999935 140.0320000000000107, -65.5229999999999961 140.2549999999999955, -64.6059999999999945 139.8890000000000100, -64.1320000000000050 139.4799999999999898, -63.9819999999999993 139.8669999999999902, -63.9900000000000020 140.4420000000000073, -64.2240000000000038 140.7249999999999943, -64.2330000000000041 140.7659999999999911, -63.4600000000000009 140.6490000000000009, -62.9339999999999975 139.9259999999999877, -62.1839999999999975 139.0569999999999879, -61.9059999999999988 138.0879999999999939, -61.5390000000000015 137.3580000000000041, -61.5690000000000026 136.5560000000000116, -61.9159999999999968 136.2019999999999982, -62.2650000000000006 136.2630000000000052, -62.1510000000000034 134.8069999999999879, -62.8650000000000020 135.9300000000000068, -63.6280000000000001 137.0300000000000011, -64.4899999999999949 137.3220000000000027, -65.2789999999999964 137.3760000000000048, -65.0420000000000016 135.7119999999999891, -64.9369999999999976 135.5970000000000084, -64.6569999999999965 134.8669999999999902, -63.7319999999999993 134.8580000000000041, -62.6989999999999981 134.3679999999999950, -62.4380000000000024 134.1659999999999968, -61.7500000000000000 132.7740000000000009, -61.5829999999999984 134.1430000000000007, -61.7890000000000015 134.5269999999999868, -62.5189999999999984 134.6490000000000009, -63.1280000000000001 134.5840000000000032, -64.4789999999999992 135.2640000000000100, -64.8319999999999936 134.9370000000000118, -65.1479999999999961 135.1899999999999977, -65.1689999999999969 135.2160000000000082, -66.6730000000000018 139.9960000000000093))","CC BY 4.0"
"capture:DDU2005_emp_a_f_19","","individual_id= DDU2005_emp_a_f_19 |comments= doi: 10.1594/PANGAEA.633712 |data_contact= AWI (Horst Bornemann) |contact_email= Horst.Bornemann@awi.de","10.1594/PANGAEA.633712","capture for bio-logging:device type= PTT:device id= 60047",2005,11,29,"2005-11-29T3:00","3:00","2005-12-1","2006-1-12","Pointe Geologie, Terre Adelie",-66.66667,140.01667,"WGS84","POLYGON ((-66.6310000000000002 140.1570000000000107, -68.4440000000000026 156.9230000000000018, -68.4410000000000025 156.9710000000000036, -68.4150000000000063 157.2150000000000034, -68.3619999999999948 157.2030000000000030, -68.1500000000000057 157.5819999999999936, -67.9950000000000045 158.6899999999999977, -67.8100000000000023 157.9939999999999998, -67.7240000000000038 157.8149999999999977, -67.4479999999999933 158.5159999999999911, -66.8820000000000050 158.7100000000000080, -66.7169999999999987 157.8350000000000080, -66.6129999999999995 157.6279999999999859, -66.0559999999999974 156.9970000000000141, -65.8229999999999933 156.8580000000000041, -65.7660000000000053 156.9739999999999895, -65.7900000000000063 156.8590000000000089, -65.7259999999999991 157.0039999999999907, -65.7710000000000008 156.9319999999999879, -65.5849999999999937 156.6390000000000100, -65.4380000000000024 156.8350000000000080, -65.3449999999999989 156.8100000000000023, -65.8629999999999995 157.1020000000000039, -65.8479999999999990 157.2249999999999943, -65.7720000000000056 157.6380000000000052, -65.5300000000000011 158.3029999999999973, -65.6009999999999991 158.0529999999999973, -65.6219999999999999 157.2829999999999870, -65.5019999999999953 156.6339999999999861, -64.9770000000000039 155.3590000000000089, -64.7540000000000049 154.8120000000000118, -64.5960000000000036 154.4050000000000011, -63.9339999999999975 152.1649999999999920, -63.4990000000000023 149.8650000000000091, -62.7770000000000010 147.2760000000000105, -63.3459999999999965 145.3189999999999884, -64.3859999999999957 143.6339999999999861, -64.1170000000000044 142.8959999999999866, -64.3659999999999997 141.4939999999999998, -64.8299999999999983 140.9960000000000093, -65.5990000000000038 139.5670000000000073, -65.9710000000000036 139.5889999999999986, -66.6310000000000002 140.1570000000000107))","CC BY 4.0"
"capture:261727_cs_Germany.csv","","individual_id= 261727_cs_Germany.csv |analysis remark= not used in analyses |comments= doi: 10.1594/PANGAEA.819980 |data_contact= Horst Bornemann |contact_email= Horst.Bornemann@awi.de","10.1594/PANGAEA.819980","capture for bio-logging:device type= PTT:device id= 261727",1998,1,28,"1998-01-28","","1998-1-28","1998-3-4","Drescher Inlet, Weddell Sea",-72.848,-19.251,"WGS84","POLYGON ((-72.8479999999999990 -19.2510000000000012, -71.8949999999999960 -33.6139999999999972, -72.0289999999999964 -33.1559999999999988, -72.0300000000000011 -33.3920000000000030, -72.1069999999999993 -32.8669999999999973, -72.0729999999999933 -31.9549999999999983, -71.9189999999999969 -31.4780000000000015, -71.8199999999999932 -30.8930000000000007, -71.7789999999999964 -30.4770000000000003, -71.7049999999999983 -29.7800000000000011, -71.3439999999999941 -29.3470000000000013, -71.4980000000000047 -29.1159999999999997, -71.6850000000000023 -29.1890000000000001, -71.7699999999999960 -29.1179999999999986, -71.8760000000000048 -28.2469999999999999, -71.9920000000000044 -28.8430000000000000, -72.4210000000000065 -28.6460000000000008, -73.0049999999999955 -28.4980000000000011, -72.9650000000000034 -28.3990000000000009, -73.0270000000000010 -27.3449999999999989, -73.3179999999999978 -26.9630000000000010, -73.3970000000000056 -26.7169999999999987, -73.6320000000000050 -25.4619999999999997, -73.8050000000000068 -25.1320000000000014, -73.7530000000000001 -24.5579999999999998, -73.8760000000000048 -24.1509999999999998, -73.9230000000000018 -24.1069999999999993, -73.9180000000000064 -23.4609999999999985, -72.4689999999999941 -25.0380000000000003, -73.2860000000000014 -20.9559999999999995, -74.2079999999999984 -23.0560000000000009, -73.5169999999999959 -20.5930000000000000, -72.9309999999999974 -20.3049999999999997, -72.7990000000000066 -19.4319999999999986, -72.8490000000000038 -19.2929999999999993, -72.8479999999999990 -19.2510000000000012))","CC BY 4.0"
"capture:261728_cs_Germany.csv","","individual_id= 261728_cs_Germany.csv |analysis remark= not used in analyses |comments= doi: 10.1594/PANGAEA.819980 |data_contact= Horst Bornemann |contact_email= Horst.Bornemann@awi.de","10.1594/PANGAEA.819980","capture for bio-logging:device type= PTT:device id= 261728",1998,1,29,"1998-01-29","","1998-1-29","1998-2-5","Drescher Inlet, Weddell Sea",-72.86,-19.044,"WGS84","POLYGON ((-72.8599999999999994 -19.0440000000000005, -72.7819999999999965 -19.6960000000000015, -72.6590000000000060 -21.2600000000000016, -72.8689999999999998 -22.7809999999999988, -72.6710000000000065 -24.4589999999999996, -72.7920000000000016 -25.8670000000000009, -73.1509999999999962 -28.5569999999999986, -73.6110000000000042 -38.2569999999999979, -72.8599999999999994 -19.0440000000000005))","CC BY 4.0"
"capture:261731_cs_Germany.csv","","individual_id= 261731_cs_Germany.csv |comments= doi: 10.1594/PANGAEA.819980 |data_contact= Horst Bornemann |contact_email= Horst.Bornemann@awi.de","10.1594/PANGAEA.819980","capture for bio-logging:device type= PTT:device id= 261731",1998,2,1,"1998-02-01","","1998-2-1","1998-5-15","Drescher Inlet, Weddell Sea",-72.9,-19.427,"WGS84","POLYGON ((-72.9000000000000057 -19.4269999999999996, -65.4210000000000065 -24.4660000000000011, -65.4659999999999940 -24.7639999999999993, -65.4569999999999936 -25.0730000000000004, -65.8229999999999933 -24.7229999999999990, -66.0340000000000060 -25.2289999999999992, -66.3340000000000032 -23.7959999999999994, -66.3329999999999984 -24.1020000000000003, -66.2570000000000050 -24.5790000000000006, -66.2630000000000052 -25.5339999999999989, -66.2830000000000013 -25.2229999999999990, -66.1700000000000017 -25.5309999999999988, -66.2180000000000035 -25.6380000000000017, -66.3810000000000002 -25.9909999999999997, -66.6580000000000013 -26.5309999999999988, -66.9899999999999949 -26.6589999999999989, -66.9290000000000020 -27.1310000000000002, -67.1670000000000016 -27.2369999999999983, -67.2879999999999967 -27.0659999999999989, -67.5949999999999989 -27.3730000000000011, -67.8619999999999948 -28.2500000000000000, -68.2000000000000028 -29.0010000000000012, -68.2109999999999985 -29.3069999999999986, -68.4440000000000026 -29.3410000000000011, -68.5529999999999973 -29.5350000000000001, -68.8070000000000022 -29.7399999999999984, -68.8760000000000048 -29.7650000000000006, -68.9219999999999970 -29.8840000000000003, -69.0639999999999930 -29.9789999999999992, -69.0529999999999973 -30.3919999999999995, -69.1159999999999997 -30.6849999999999987, -69.4240000000000066 -30.8599999999999994, -69.4020000000000010 -30.9710000000000001, -69.4740000000000038 -30.6759999999999984, -69.5270000000000010 -30.9729999999999990, -69.5930000000000035 -31.1200000000000010, -69.6359999999999957 -30.9050000000000011, -69.7969999999999970 -30.8840000000000003, -70.0180000000000007 -30.9649999999999999, -70.2800000000000011 -30.4840000000000018, -70.4590000000000032 -30.7270000000000003, -71.1250000000000000 -31.8440000000000012, -71.9599999999999937 -33.8029999999999973, -72.3619999999999948 -34.4359999999999999, -72.1620000000000061 -35.4750000000000014, -72.2139999999999986 -36.4870000000000019, -72.4449999999999932 -37.9040000000000035, -72.4759999999999991 -38.7130000000000010, -72.3569999999999993 -39.7569999999999979, -72.3569999999999993 -39.6430000000000007, -72.3979999999999961 -40.0180000000000007, -72.4380000000000024 -41.2869999999999990, -72.5340000000000060 -42.5679999999999978, -72.8160000000000025 -44.5099999999999980, -72.7969999999999970 -45.0429999999999993, -72.7510000000000048 -46.0200000000000031, -72.3960000000000008 -46.5529999999999973, -72.4449999999999932 -46.8430000000000035, -72.5739999999999981 -46.9470000000000027, -72.5610000000000070 -46.0379999999999967, -72.9030000000000058 -46.9110000000000014, -72.7690000000000055 -46.9339999999999975, -72.6670000000000016 -46.6009999999999991, -72.5900000000000034 -46.8729999999999976, -72.5019999999999953 -47.1400000000000006, -72.6809999999999974 -47.1430000000000007, -73.0840000000000032 -47.1899999999999977, -73.3730000000000047 -46.5940000000000012, -73.3409999999999940 -46.3609999999999971, -72.8430000000000035 -45.7620000000000005, -72.7780000000000058 -46.6779999999999973, -72.8810000000000002 -46.3960000000000008, -72.8509999999999991 -46.3400000000000034, -72.8700000000000045 -46.7700000000000031, -72.9309999999999974 -46.7989999999999995, -72.9839999999999947 -47.1030000000000015, -72.9620000000000033 -46.6619999999999990, -72.9129999999999967 -46.0910000000000011, -72.9320000000000022 -45.5989999999999966, -72.9669999999999987 -45.2790000000000035, -73.0589999999999975 -45.0050000000000026, -73.1749999999999972 -44.5060000000000002, -73.3299999999999983 -44.3609999999999971, -73.6680000000000064 -44.3470000000000013, -73.6569999999999965 -44.5240000000000009, -74.1059999999999945 -44.3489999999999966, -74.8329999999999984 -37.0399999999999991, -74.9920000000000044 -36.2430000000000021, -74.7199999999999989 -35.2120000000000033, -74.2789999999999964 -33.4579999999999984, -74.2429999999999950 -33.0090000000000003, -74.1179999999999950 -33.1090000000000018, -74.1520000000000010 -32.8669999999999973, -73.9240000000000066 -32.7809999999999988, -73.8389999999999986 -32.2819999999999965, -72.5969999999999942 -23.7910000000000004, -73.0430000000000064 -22.8170000000000002, -72.7530000000000001 -21.7379999999999995, -72.5969999999999942 -22.3069999999999986, -72.6009999999999991 -21.0279999999999987, -72.8829999999999956 -19.0599999999999987, -72.9000000000000057 -19.4269999999999996))","CC BY 4.0"
"capture:261725_cs_Germany.csv","","individual_id= 261725_cs_Germany.csv |comments= doi: 10.1594/PANGAEA.819980 |data_contact= Horst Bornemann |contact_email= Horst.Bornemann@awi.de","10.1594/PANGAEA.819980","capture for bio-logging:device type= PTT:device id= 261725",1998,2,2,"1998-02-02","","1998-2-2","1998-4-16","Drescher Inlet, Weddell Sea",-72.916,-18.857,"WGS84","POLYGON ((-72.9159999999999968 -18.8569999999999993, -65.6959999999999980 55.1739999999999995, -65.5460000000000065 54.0150000000000006, -65.1830000000000069 53.4500000000000028, -65.1350000000000051 53.3830000000000027, -65.3209999999999980 50.5589999999999975, -65.4759999999999991 48.9909999999999997, -65.6359999999999957 48.0619999999999976, -65.6530000000000058 47.3100000000000023, -65.9710000000000036 45.7199999999999989, -66.4050000000000011 43.7860000000000014, -66.8799999999999955 42.2449999999999974, -67.1880000000000024 41.3680000000000021, -67.6050000000000040 39.9519999999999982, -67.7890000000000015 39.0979999999999990, -67.9129999999999967 38.2139999999999986, -68.1129999999999995 36.5309999999999988, -68.2540000000000049 35.7629999999999981, -68.2450000000000045 35.5979999999999990, -68.1370000000000005 35.4119999999999990, -68.3089999999999975 35.5940000000000012, -68.4770000000000039 35.6859999999999999, -68.5589999999999975 35.5439999999999969, -68.5660000000000025 35.5640000000000001, -68.6320000000000050 35.7719999999999985, -68.5100000000000051 35.2520000000000024, -68.4839999999999947 33.3359999999999985, -68.9519999999999982 31.7040000000000006, -69.0859999999999985 30.4840000000000018, -69.2019999999999982 29.5289999999999999, -69.1700000000000017 29.8539999999999992, -69.1400000000000006 22.8000000000000007, -69.2120000000000033 21.0390000000000015, -69.1929999999999978 19.4349999999999987, -69.3110000000000070 17.9559999999999995, -69.3659999999999997 16.5530000000000008, -69.1670000000000016 14.7040000000000006, -68.9300000000000068 11.4879999999999995, -68.6050000000000040 7.4840000000000000, -68.4650000000000034 6.1609999999999996, -68.4609999999999985 5.1109999999999998, -68.5750000000000028 4.2629999999999999, -68.5870000000000033 3.5750000000000002, -69.3029999999999973 0.5560000000000000, -69.8829999999999956 -2.3020000000000000, -70.0799999999999983 -1.3560000000000001, -70.0889999999999986 -1.3060000000000000, -70.1539999999999964 -1.3680000000000001, -70.1440000000000055 -1.1140000000000001, -70.1239999999999952 -2.0970000000000000, -70.1370000000000005 -4.2210000000000001, -70.3010000000000019 -5.5549999999999997, -70.4369999999999976 -6.4569999999999999, -70.4719999999999942 -6.4050000000000002, -70.3760000000000048 -6.5069999999999997, -70.0000000000000000 -7.0609999999999999, -70.0960000000000036 -8.8569999999999993, -70.2579999999999956 -10.7880000000000003, -70.3730000000000047 -10.9329999999999998, -70.6560000000000059 -12.6639999999999997, -71.1760000000000019 -14.9830000000000005, -71.6509999999999962 -17.0180000000000007, -72.7920000000000016 -19.3140000000000001, -72.9560000000000031 -18.7989999999999995, -72.9159999999999968 -18.8569999999999993))","CC BY 4.0"
"capture:261730_cs_Germany.csv","","individual_id= 261730_cs_Germany.csv |analysis remark= not used in analyses |comments= doi: 10.1594/PANGAEA.819980 |data_contact= Horst Bornemann |contact_email= Horst.Bornemann@awi.de","10.1594/PANGAEA.819980","capture for bio-logging:device type= PTT:device id= 261730",1998,2,2,"1998-02-02","","1998-2-2","1998-4-1","Drescher Inlet, Weddell Sea",-72.878,-19.033,"WGS84","POLYGON ((-72.8780000000000001 -19.0330000000000013, -70.9620000000000033 -32.4239999999999995, -70.9290000000000020 -32.1799999999999997, -70.9320000000000022 -32.0390000000000015, -71.1490000000000009 -32.1219999999999999, -71.2879999999999967 -32.4470000000000027, -71.2129999999999939 -32.7939999999999969, -71.4789999999999992 -33.6779999999999973, -71.6839999999999975 -33.9709999999999965, -71.7729999999999961 -34.7060000000000031, -71.6680000000000064 -35.3990000000000009, -71.7120000000000033 -35.7419999999999973, -71.3889999999999958 -35.3740000000000023, -71.7969999999999970 -36.5720000000000027, -71.2259999999999991 -35.5099999999999980, -71.7349999999999994 -37.6430000000000007, -70.8040000000000020 -37.5619999999999976, -70.5759999999999934 -37.9849999999999994, -70.2360000000000042 -39.2239999999999966, -70.4599999999999937 -38.3509999999999991, -70.3859999999999957 -39.2259999999999991, -70.5169999999999959 -38.5469999999999970, -69.0610000000000070 -36.1529999999999987, -71.0739999999999981 -37.9819999999999993, -71.4339999999999975 -38.2340000000000018, -71.7600000000000051 -38.7719999999999985, -72.0639999999999930 -38.9600000000000009, -72.4789999999999992 -39.9170000000000016, -72.4030000000000058 -40.2920000000000016, -72.4110000000000014 -39.7530000000000001, -72.3900000000000006 -39.0900000000000034, -72.3469999999999942 -38.6379999999999981, -72.1869999999999976 -38.2359999999999971, -71.8419999999999987 -38.0290000000000035, -71.6479999999999961 -37.6120000000000019, -71.6089999999999947 -37.3870000000000005, -71.6269999999999953 -36.5459999999999994, -71.6959999999999980 -36.2730000000000032, -71.6670000000000016 -35.7419999999999973, -71.7439999999999998 -35.6619999999999990, -71.6629999999999967 -35.0489999999999995, -71.6430000000000007 -34.9739999999999966, -71.6320000000000050 -34.1009999999999991, -71.3349999999999937 -33.2220000000000013, -71.4249999999999972 -32.1719999999999970, -71.3979999999999961 -32.1180000000000021, -71.3870000000000005 -31.7289999999999992, -71.5550000000000068 -30.8610000000000007, -71.7699999999999960 -29.8000000000000007, -72.0139999999999958 -28.4400000000000013, -71.9419999999999931 -26.8539999999999992, -71.7960000000000065 -25.9989999999999988, -71.9980000000000047 -25.3539999999999992, -71.9060000000000059 -25.1990000000000016, -72.0100000000000051 -24.7830000000000013, -72.2079999999999984 -24.0120000000000005, -72.1350000000000051 -22.2489999999999988, -71.5969999999999942 -22.1370000000000005, -72.4479999999999933 -21.3750000000000000, -72.8780000000000001 -19.0330000000000013))","CC BY 4.0"
"capture:261735_cs_Germany.csv","","individual_id= 261735_cs_Germany.csv |comments= doi: 10.1594/PANGAEA.819980 |data_contact= Horst Bornemann |contact_email= Horst.Bornemann@awi.de","10.1594/PANGAEA.819980","capture for bio-logging:device type= PTT:device id= 261735",1998,2,2,"1998-02-02","","1998-2-2","1998-2-18","Drescher Inlet, Weddell Sea",-72.869,-19.116,"WGS84","POLYGON ((-72.8689999999999998 -19.1159999999999997, -72.3670000000000044 -21.3919999999999995, -72.0480000000000018 -22.6750000000000007, -71.8840000000000003 -23.8790000000000013, -71.0550000000000068 -21.5049999999999990, -70.5919999999999987 -20.4699999999999989, -69.9980000000000047 -18.3350000000000009, -69.7939999999999969 -18.5519999999999996, -69.8059999999999974 -18.6619999999999990, -70.0529999999999973 -20.5549999999999997, -70.0090000000000003 -21.5730000000000004, -70.0979999999999990 -22.5790000000000006, -70.6310000000000002 -24.5320000000000000, -71.4110000000000014 -26.1359999999999992, -71.6250000000000000 -26.7839999999999989, -71.8739999999999952 -27.8430000000000000, -72.8689999999999998 -19.1159999999999997))","CC BY 4.0"
"capture:261736_cs_Germany.csv","","individual_id= 261736_cs_Germany.csv |comments= doi: 10.1594/PANGAEA.819980 |data_contact= Horst Bornemann |contact_email= Horst.Bornemann@awi.de","10.1594/PANGAEA.819980","capture for bio-logging:device type= PTT:device id= 261736",1998,2,2,"1998-02-02","","1998-2-2","1998-5-29","Drescher Inlet, Weddell Sea",-72.813,-19.161,"WGS84","POLYGON ((-72.8130000000000024 -19.1610000000000014, -66.8700000000000045 45.8230000000000004, -66.8070000000000022 45.7839999999999989, -66.6929999999999978 46.7969999999999970, -66.6400000000000006 46.6129999999999995, -66.9449999999999932 46.5670000000000002, -66.1949999999999932 45.9729999999999990, -66.0210000000000008 46.7430000000000021, -66.0829999999999984 47.9010000000000034, -65.8100000000000023 47.9919999999999973, -65.7950000000000017 48.1469999999999985, -65.8319999999999936 48.3239999999999981, -65.5949999999999989 48.9299999999999997, -65.8689999999999998 48.0110000000000028, -65.4579999999999984 47.9069999999999965, -65.6110000000000042 47.5640000000000001, -65.8559999999999945 47.4780000000000015, -65.9500000000000028 46.8780000000000001, -66.1599999999999966 46.4249999999999972, -66.1269999999999953 46.1250000000000000, -66.1050000000000040 46.1270000000000024, -66.5799999999999983 44.2740000000000009, -66.8629999999999995 43.7920000000000016, -67.0300000000000011 43.3629999999999995, -67.1629999999999967 43.3780000000000001, -67.1550000000000011 41.8999999999999986, -67.5079999999999956 41.6940000000000026, -67.6370000000000005 42.4470000000000027, -67.7980000000000018 42.6090000000000018, -67.8820000000000050 42.4680000000000035, -67.8719999999999999 42.8950000000000031, -67.8169999999999931 42.6700000000000017, -68.2519999999999953 41.9010000000000034, -68.2849999999999966 41.0150000000000006, -68.6580000000000013 41.0679999999999978, -68.6359999999999957 40.9579999999999984, -68.5030000000000001 39.2349999999999994, -67.8229999999999933 38.3840000000000003, -67.6509999999999962 38.0889999999999986, -67.4779999999999944 35.6139999999999972, -67.4260000000000019 34.9080000000000013, -67.4399999999999977 33.5910000000000011, -67.5709999999999980 32.3290000000000006, -67.9509999999999934 29.9540000000000006, -68.3460000000000036 28.4480000000000004, -68.7849999999999966 28.1960000000000015, -68.3559999999999945 26.2349999999999994, -69.4789999999999992 19.3099999999999987, -69.2960000000000065 27.2489999999999988, -69.2139999999999986 28.1020000000000003, -69.2399999999999949 29.1649999999999991, -69.6970000000000027 29.2300000000000004, -69.3509999999999991 27.9669999999999987, -69.2309999999999945 27.4239999999999995, -69.2229999999999990 26.9649999999999999, -69.1830000000000069 24.5450000000000017, -69.1059999999999945 23.1269999999999989, -68.8739999999999952 21.8850000000000016, -68.8259999999999934 21.5760000000000005, -68.5669999999999931 16.1439999999999984, -68.6080000000000041 15.9920000000000009, -68.9759999999999991 15.9770000000000003, -69.5580000000000069 15.5609999999999999, -69.5019999999999953 14.4299999999999997, -69.5559999999999974 13.0809999999999995, -69.7330000000000041 12.7919999999999998, -69.7570000000000050 10.1590000000000007, -69.7860000000000014 9.4420000000000002, -70.1209999999999951 9.3350000000000009, -69.8430000000000035 7.9470000000000001, -69.8930000000000007 8.3979999999999997, -69.2560000000000002 6.0860000000000003, -68.9629999999999939 4.4139999999999997, -68.6770000000000067 2.4239999999999999, -68.5849999999999937 1.0980000000000001, -68.6470000000000056 -0.8320000000000000, -68.8589999999999947 -2.0590000000000002, -69.0400000000000063 -3.4550000000000001, -69.4110000000000014 -5.7430000000000003, -69.5210000000000008 -6.4420000000000002, -70.2379999999999995 -8.9489999999999998, -70.5999999999999943 -10.1080000000000005, -70.7980000000000018 -11.7100000000000009, -70.8220000000000027 -12.4760000000000009, -70.7939999999999969 -12.3829999999999991, -71.1749999999999972 -12.9619999999999997, -71.1050000000000040 -11.3059999999999992, -71.3559999999999945 -12.3689999999999998, -71.8930000000000007 -13.0739999999999998, -72.0780000000000030 -14.9659999999999993, -71.6020000000000039 -17.3090000000000011, -71.5180000000000007 -18.9100000000000001, -72.1569999999999965 -20.6310000000000002, -72.4440000000000026 -20.9379999999999988, -72.7049999999999983 -20.7609999999999992, -72.6640000000000015 -20.8060000000000009, -72.5859999999999985 -20.5100000000000016, -72.6520000000000010 -19.7630000000000017, -72.5439999999999969 -18.2590000000000003, -72.4629999999999939 -18.2959999999999994, -72.5499999999999972 -18.4329999999999998, -72.8130000000000024 -19.1610000000000014))","CC BY 4.0"
"capture:261729_cs_Germany.csv","","individual_id= 261729_cs_Germany.csv |comments= doi: 10.1594/PANGAEA.819980 |data_contact= Horst Bornemann |contact_email= Horst.Bornemann@awi.de","10.1594/PANGAEA.819980","capture for bio-logging:device type= PTT:device id= 261729",1998,2,3,"1998-02-03","","1998-2-3","1998-4-4","Drescher Inlet, Weddell Sea",-72.902,-18.912,"WGS84","POLYGON ((-72.9020000000000010 -18.9119999999999990, -71.6569999999999965 -24.3490000000000002, -71.5720000000000027 -24.1739999999999995, -71.3850000000000051 -24.9589999999999996, -71.4120000000000061 -24.6849999999999987, -71.4719999999999942 -24.7029999999999994, -71.5619999999999976 -24.5910000000000011, -71.6449999999999960 -24.7860000000000014, -72.0139999999999958 -24.6159999999999997, -72.4309999999999974 -25.2210000000000001, -72.3990000000000009 -27.0820000000000007, -71.9009999999999962 -27.4179999999999993, -71.7840000000000060 -27.6110000000000007, -71.9489999999999981 -28.0990000000000002, -72.2069999999999936 -28.7199999999999989, -71.5759999999999934 -29.4110000000000014, -72.4300000000000068 -29.9609999999999985, -72.3780000000000001 -29.6980000000000004, -72.0699999999999932 -29.2860000000000014, -71.9360000000000070 -28.5659999999999989, -72.0630000000000024 -29.0360000000000014, -72.2330000000000041 -28.7270000000000003, -72.2510000000000048 -28.5560000000000009, -72.2459999999999951 -28.4600000000000009, -72.2770000000000010 -28.3659999999999997, -72.0739999999999981 -28.7710000000000008, -72.1940000000000026 -29.0850000000000009, -72.2459999999999951 -28.7010000000000005, -72.2240000000000038 -28.5899999999999999, -72.1860000000000070 -28.3919999999999995, -72.1940000000000026 -27.8919999999999995, -72.3319999999999936 -27.3569999999999993, -72.3499999999999943 -26.9780000000000015, -72.3790000000000049 -26.7160000000000011, -72.0510000000000019 -25.8850000000000016, -72.0460000000000065 -26.5779999999999994, -72.1470000000000056 -26.1670000000000016, -72.0220000000000056 -26.2609999999999992, -71.9590000000000032 -25.4070000000000000, -71.7960000000000065 -25.0109999999999992, -71.8149999999999977 -25.9179999999999993, -71.8520000000000039 -25.8129999999999988, -71.9150000000000063 -25.6499999999999986, -70.0349999999999966 -28.1559999999999988, -72.0759999999999934 -25.1679999999999993, -71.9869999999999948 -24.5770000000000017, -71.9770000000000039 -24.3780000000000001, -71.9039999999999964 -24.5150000000000006, -71.3949999999999960 -23.8780000000000001, -71.7810000000000059 -24.0680000000000014, -71.7570000000000050 -23.9020000000000010, -71.7879999999999967 -23.4579999999999984, -71.7950000000000017 -23.0579999999999998, -71.7980000000000018 -22.5719999999999992, -71.9560000000000031 -22.3219999999999992, -72.1069999999999993 -22.1430000000000007, -72.2630000000000052 -21.7420000000000009, -72.8419999999999987 -20.2059999999999995, -72.7570000000000050 -19.5159999999999982, -72.9020000000000010 -18.9119999999999990))","CC BY 4.0"
"capture:261733_cs_Germany.csv","","individual_id= 261733_cs_Germany.csv |analysis remark= not used in analyses |comments= doi: 10.1594/PANGAEA.819980 |data_contact= Horst Bornemann |contact_email= Horst.Bornemann@awi.de","10.1594/PANGAEA.819980","capture for bio-logging:device type= PTT:device id= 261733",1998,2,3,"1998-02-03","","1998-2-3","1998-3-13","Drescher Inlet, Weddell Sea",-72.826,-19.076,"WGS84","POLYGON ((-72.8259999999999934 -19.0760000000000005, -72.7770000000000010 -19.2519999999999989, -72.8910000000000053 -19.8230000000000004, -72.7699999999999960 -21.5229999999999997, -72.8040000000000020 -23.0960000000000001, -72.6830000000000069 -23.4460000000000015, -72.7609999999999957 -24.1930000000000014, -72.7219999999999942 -24.2689999999999984, -72.5849999999999937 -24.3939999999999984, -72.5160000000000053 -24.7979999999999983, -72.4200000000000017 -24.8979999999999997, -72.2549999999999955 -25.2139999999999986, -72.2240000000000038 -25.9110000000000014, -72.3550000000000040 -26.2480000000000011, -72.4410000000000025 -26.7259999999999991, -72.4770000000000039 -27.4800000000000004, -72.9170000000000016 -30.6580000000000013, -73.5690000000000026 -32.7250000000000014, -73.6550000000000011 -33.5709999999999980, -73.6320000000000050 -35.2809999999999988, -73.4710000000000036 -36.5120000000000005, -72.9809999999999945 -38.1409999999999982, -72.8870000000000005 -38.6180000000000021, -72.8430000000000035 -39.0219999999999985, -72.8529999999999944 -39.2890000000000015, -72.8439999999999941 -40.1270000000000024, -72.7360000000000042 -39.8740000000000023, -72.7600000000000051 -40.0769999999999982, -72.5030000000000001 -39.8620000000000019, -72.4929999999999950 -39.5850000000000009, -73.3100000000000023 -39.1659999999999968, -73.3419999999999987 -39.3830000000000027, -73.9300000000000068 -41.1859999999999999, -73.8640000000000043 -41.2370000000000019, -73.8559999999999945 -41.3310000000000031, -73.7710000000000008 -41.6229999999999976, -73.8509999999999991 -41.7760000000000034, -73.3760000000000048 -41.8939999999999984, -72.8259999999999934 -19.0760000000000005))","CC BY 4.0"
"capture:261726_cs_Germany.csv","","individual_id= 261726_cs_Germany.csv |analysis remark= not used in analyses |comments= doi: 10.1594/PANGAEA.819980 |data_contact= Horst Bornemann |contact_email= Horst.Bornemann@awi.de","10.1594/PANGAEA.819980","capture for bio-logging:device type= PTT:device id= 261726",1998,2,5,"1998-02-05","","1998-2-5","1998-5-11","Drescher Inlet, Weddell Sea",-72.85,-19.378,"WGS84","POLYGON ((-72.8499999999999943 -19.3780000000000001, -68.3509999999999991 -12.9290000000000003, -68.9609999999999985 -17.1170000000000009, -69.1059999999999945 -17.6290000000000013, -69.4030000000000058 -17.7600000000000016, -69.3190000000000026 -18.3129999999999988, -69.2930000000000064 -18.1239999999999988, -69.2300000000000040 -18.7469999999999999, -69.3010000000000019 -21.7259999999999991, -69.9360000000000070 -19.6920000000000002, -70.1159999999999997 -14.2439999999999998, -70.2469999999999999 -19.5689999999999991, -70.5390000000000015 -20.5259999999999998, -70.6179999999999950 -20.4009999999999998, -70.0460000000000065 -19.8670000000000009, -70.7729999999999961 -20.2240000000000002, -71.1520000000000010 -19.9589999999999996, -71.3409999999999940 -20.5620000000000012, -71.6400000000000006 -20.9029999999999987, -72.0660000000000025 -23.8430000000000000, -72.1200000000000045 -24.8329999999999984, -72.4980000000000047 -25.1610000000000014, -72.5510000000000019 -25.6340000000000003, -72.4989999999999952 -26.3150000000000013, -72.7049999999999983 -26.3719999999999999, -72.9120000000000061 -26.5700000000000003, -72.8769999999999953 -23.7330000000000005, -73.0109999999999957 -26.4939999999999998, -73.1329999999999956 -27.4529999999999994, -73.8430000000000035 -28.2180000000000000, -73.5799999999999983 -28.5229999999999997, -74.3739999999999952 -27.8440000000000012, -75.7980000000000018 -38.3119999999999976, -73.8349999999999937 -27.9160000000000004, -73.7579999999999956 -27.8700000000000010, -73.6689999999999969 -27.5710000000000015, -73.6460000000000008 -26.4160000000000004, -73.7530000000000001 -25.3359999999999985, -73.8040000000000020 -25.0199999999999996, -73.9699999999999989 -22.9540000000000006, -74.1089999999999947 -22.3069999999999986, -74.2169999999999987 -21.8419999999999987, -74.3490000000000038 -21.8810000000000002, -74.3949999999999960 -21.7070000000000007, -74.8619999999999948 -29.1020000000000003, -74.4380000000000024 -21.8350000000000009, -74.4459999999999980 -21.7289999999999992, -73.9110000000000014 -21.5779999999999994, -74.3359999999999985 -21.5079999999999991, -74.4339999999999975 -21.6080000000000005, -74.4389999999999930 -21.5889999999999986, -74.4569999999999936 -21.5470000000000006, -74.4530000000000030 -21.6039999999999992, -74.4749999999999943 -21.3900000000000006, -74.4470000000000027 -21.6030000000000015, -74.4300000000000068 -21.6129999999999995, -74.4459999999999980 -21.6329999999999991, -74.4419999999999931 -21.7079999999999984, -74.3659999999999997 -21.6939999999999991, -74.4539999999999935 -21.5210000000000008, -73.0840000000000032 -19.4849999999999994, -72.8580000000000041 -21.7070000000000007, -74.2900000000000063 -21.7459999999999987, -74.2360000000000042 -22.2830000000000013, -74.6880000000000024 -20.5320000000000000, -74.2849999999999966 -22.1950000000000003, -74.2819999999999965 -22.2149999999999999, -74.2590000000000003 -22.0240000000000009, -74.2819999999999965 -22.2270000000000003, -74.2960000000000065 -22.7029999999999994, -74.2579999999999956 -22.2210000000000001, -74.2999999999999972 -21.9510000000000005, -74.2710000000000008 -22.0719999999999992, -73.5960000000000036 -20.9370000000000012, -73.0690000000000026 -20.1340000000000003, -72.8499999999999943 -19.3780000000000001))","CC BY 4.0"
"capture:261734_cs_Germany.csv","","individual_id= 261734_cs_Germany.csv |analysis remark= not used in analyses |comments= doi: 10.1594/PANGAEA.819980 |data_contact= Horst Bornemann |contact_email= Horst.Bornemann@awi.de","10.1594/PANGAEA.819980","capture for bio-logging:device type= PTT:device id= 261734",1998,2,5,"1998-02-05","","1998-2-5","1998-2-6","Drescher Inlet, Weddell Sea",-72.82,-19.629,"WGS84","POLYGON ((-72.8199999999999932 -19.6290000000000013, -72.8919999999999959 -19.6479999999999997, -72.8199999999999932 -19.6290000000000013, -72.8199999999999932 -19.6290000000000013))","CC BY 4.0"
"capture:264706_cs_Germany.csv","","individual_id= 264706_cs_Germany.csv |comments= doi: 10.1594/PANGAEA.819980 |data_contact= Horst Bornemann |contact_email= Horst.Bornemann@awi.de","10.1594/PANGAEA.819980","capture for bio-logging:device type= PTT:device id= 264706",1998,2,7,"1998-02-07","","1998-2-7","1998-2-21","Drescher Inlet, Weddell Sea",-72.987,-20.83,"WGS84","POLYGON ((-72.9869999999999948 -20.8299999999999983, -72.7909999999999968 -20.3180000000000014, -72.7060000000000031 -19.3210000000000015, -72.2800000000000011 -16.3640000000000008, -71.6110000000000042 -15.9740000000000002, -70.8780000000000001 -16.6870000000000012, -70.1740000000000066 -17.5509999999999984, -69.8269999999999982 -18.0320000000000000, -68.7939999999999969 -17.8470000000000013, -68.8059999999999974 -17.8399999999999999, -68.3220000000000027 -17.3520000000000003, -67.9270000000000067 -16.7220000000000013, -67.5780000000000030 -15.4870000000000001, -67.3119999999999976 -15.2219999999999995, -67.1370000000000005 -14.8339999999999996, -72.9869999999999948 -20.8299999999999983))","CC BY 4.0"
"capture:261732_cs_Germany.csv","","individual_id= 261732_cs_Germany.csv |analysis remark= not used in analyses |comments= doi: 10.1594/PANGAEA.819980 |data_contact= Horst Bornemann |contact_email= Horst.Bornemann@awi.de","10.1594/PANGAEA.819980","capture for bio-logging:device type= PTT:device id= 261732",1998,2,8,"1998-02-08","","1998-2-8","1998-3-14","Drescher Inlet, Weddell Sea",-72.605,-23.366,"WGS84","POLYGON ((-72.6050000000000040 -23.3659999999999997, -70.4180000000000064 -37.2120000000000033, -71.0520000000000067 -34.9849999999999994, -70.6659999999999968 -39.0240000000000009, -71.0729999999999933 -39.2319999999999993, -71.5769999999999982 -39.0730000000000004, -71.1869999999999976 -38.2939999999999969, -71.2349999999999994 -37.4129999999999967, -71.3229999999999933 -36.9450000000000003, -71.2249999999999943 -36.9909999999999997, -71.3889999999999958 -37.4579999999999984, -71.6539999999999964 -37.8659999999999997, -71.8700000000000045 -38.8290000000000006, -71.9050000000000011 -38.0959999999999965, -72.1340000000000003 -37.9729999999999990, -72.1129999999999995 -37.6199999999999974, -72.0870000000000033 -37.3119999999999976, -71.9959999999999951 -36.6069999999999993, -72.1530000000000058 -35.6049999999999969, -72.2399999999999949 -34.6940000000000026, -72.1329999999999956 -34.1289999999999978, -72.0469999999999970 -33.8920000000000030, -71.1269999999999953 -29.9540000000000006, -72.1129999999999995 -33.7280000000000015, -72.3400000000000034 -33.8040000000000020, -72.4159999999999968 -33.4849999999999994, -72.3640000000000043 -33.2209999999999965, -72.3289999999999935 -32.9269999999999996, -72.4080000000000013 -30.6739999999999995, -71.5070000000000050 -30.8990000000000009, -72.4380000000000024 -28.0309999999999988, -72.4899999999999949 -24.2250000000000014, -72.6050000000000040 -23.3659999999999997))","CC BY 4.0"
